id,name,model_id:id,group_id:id,perm_read,perm_write,perm_create,perm_unlink
access_local_purchase_requisition_user,access_local_purchase_requisition_user,model_local_purchase_requisition,procurement_store_requisition.group_store_requisition_user,1,1,1,0
access_local_purchase_requisition_verifier,access_local_purchase_requisition_verifier,model_local_purchase_requisition,procurement_store_requisition.group_store_requisition_verifier,1,1,0,0
access_local_purchase_requisition_budget,access_local_purchase_requisition_budget,model_local_purchase_requisition,procurement_store_requisition.group_store_requisition_budget_manager,1,1,0,0
access_local_purchase_requisition_prm,access_local_purchase_requisition_prm,model_local_purchase_requisition,group_local_purchase_pr_manager,1,1,1,1
access_local_purchase_requisition_ceo,access_local_purchase_requisition_ceo,model_local_purchase_requisition,group_local_purchase_ceo,1,1,1,1
access_local_purchase_requisition_line_user,access_local_purchase_requisition_line_user,model_local_purchase_requisition_line,procurement_store_requisition.group_store_requisition_user,1,1,1,0
access_local_purchase_requisition_line_prm,access_local_purchase_requisition_line_prm,model_local_purchase_requisition_line,group_local_purchase_pr_manager,1,1,1,1
access_local_payment_request_user,access_local_payment_request_user,model_local_payment_request,procurement_store_requisition.group_store_requisition_user,1,1,1,1
access_local_payment_request_prm,access_local_payment_request_prm,model_local_payment_request,group_local_purchase_pr_manager,1,1,1,1
